id,fieldname,value,times_used,last_used
15,searchbar-history,firewall penetration testing steps methods tools,1,2025-12-02 15:36:20
14,searchbar-history,chrome devtools network inspector guide,1,2025-12-02 15:31:14
19,email,m.rao@neoquant.example,1,2025-12-02 15:30:12
13,searchbar-history,request inspector- test API requests,1,2025-12-02 15:30:09
12,searchbar-history,sql injection cheat sheet - owasp,1,2025-12-02 15:29:31
18,search,white paper,1,2025-12-02 15:29:09
11,searchbar-history,Neoquant finance - internal API docs,2,2025-12-02 15:28:57
17,q,database schema,1,2025-12-02 15:27:41
16,q,api documentation,3,2025-12-02 15:27:06
10,searchbar-history,neo quant,1,2025-12-02 15:25:58
9,searchbar-history,Common api vectors.pdf download,1,2025-12-02 15:23:11
8,searchbar-history,Check API vulnerabilities using chrome DevTools network tab,1,2025-12-02 15:21:49
7,searchbar-history,Common api parameters that leak database info,1,2025-12-02 15:21:00
6,searchbar-history,Bypass client-side validation by modifying URL,1,2025-12-02 15:20:16
5,searchbar-history,How to force debug mode using URL parameters,1,2025-12-02 15:19:41
4,searchbar-history,Financial api sql injection examples,1,2025-12-02 15:19:06
3,searchbar-history,Find exposed database endpoints in API,1,2025-12-02 15:18:31
2,searchbar-history,Test sql injection using browser only,2,2025-12-02 15:17:40
1,searchbar-history,NeoQuant sql error page exploit,1,2025-12-02 15:16:22
