id,url,title,visit_count,typed,last_visit
52,https://www.youtube.com/watch?v=0Izu0J6iSoM,"Firewall Penetration Testing: Steps, Methods, and Tools",1,0,2025-12-02 15:36:46
51,https://www.google.com/search?q=firewall+penetration+testing+steps+methods+tools&source=hp,firewall penetration testing steps methods tools - Google Search,1,1,2025-12-02 15:36:20
50,https://www.youtube.com/watch?v=QtwhEz-aON4,AI Security Exposed: Why 95% of Companies Are Vulnerable,1,0,2025-12-02 15:35:37
49,https://www.youtube.com/watch?v=8zSoyAmHHc4,Threats Vulnerabilities and Exploits,1,0,2025-12-02 15:34:50
48,https://www.youtube.com/results?search_query=threats+vulnerabilities+and+exploits,threats vulnerabilities and exploits - YouTube,1,0,2025-12-02 15:34:20
47,https://www.google.com/search?q=youtube&source=hp,youtube - Google Search,1,1,2025-12-02 15:33:36
46,https://www.youtube.com/watch?v=GD88Pp75Klw,Using a LAN scan to find INTERNAL vulnerabilities,1,0,2025-12-02 15:33:21
45,https://www.youtube.com/results?search_query=lan+scan+internal+vulnerabilities,lan scan internal vulnerabilities - YouTube,1,0,2025-12-02 15:33:05
44,https://www.youtube.com/,YouTube,1,0,2025-12-02 15:32:28
42,http://youtube.com/,,1,1,2025-12-02 15:32:27
43,https://youtube.com/,,1,0,2025-12-02 15:32:27
41,https://developer.chrome.com/docs/devtools/network/,Inspect network activity | Chrome DevTools | Chrome for developers,2,0,2025-12-02 15:31:45
40,https://www.google.com/search?q=chrome+devtools+network+inspector+guide&source=hp,chrome devtools network inspector guide - Google Search,1,1,2025-12-02 15:31:14
39,https://lp.similarweb.com/competitive-analysis/,Competitive Analysis | Similarweb,1,0,2025-12-02 15:30:49
38,https://lp.similarweb.com/?utm_source=google&utm_medium=cpc,,1,0,2025-12-02 15:30:48
37,https://www.google.com/aclk?sa=l&ai=DChcSEwj,,1,0,2025-12-02 15:30:47
36,https://www.google.com/search?q=URLScan+-+analyse+web+behaviour&source=hp,URLScan - analyse web behaviour - Google Search,1,1,2025-12-02 15:30:39
35,https://requestinspector.com/,Web Request Inspector & Probe Service | Request Inspector,2,0,2025-12-02 15:30:26
34,https://www.google.com/search?q=request+inspector-+test+API+requests&source=hp,request inspector- test API requests - Google Search,1,1,2025-12-02 15:30:09
33,https://cheatsheetseries.owasp.org/cheatsheets/SQL_Injection_Prevention_Cheat_Sheet.html,SQL Injection Prevention - OWASP Cheat Sheet Series,1,0,2025-12-02 15:29:52
32,https://owasp.org/www-community/attacks/SQL_Injection,SQL Injection | OWASP Foundation,1,0,2025-12-02 15:29:40
31,https://www.google.com/search?q=sql+injection+cheat+sheet+-+owasp&source=hp,sql injection cheat sheet - owasp - Google Search,1,1,2025-12-02 15:29:31
30,https://neoquant.com/white-papers/,white papers - NeoQuant,1,0,2025-12-02 15:29:07
29,http://neoquant.com/white-papers,,1,0,2025-12-02 15:29:03
28,https://www.google.com/search?q=Neoquant+finance+-+internal+API+docs&source=hp,Neoquant finance - internal API docs - Google Search,1,1,2025-12-02 15:28:57
27,https://neoquant.com/contact/,Contact - NeoQuant,1,0,2025-12-02 15:27:55
26,https://neoquant.com/about/,About us - NeoQuant,1,0,2025-12-02 15:27:20
25,https://neoquant.com/products/data-platform/,Data Platform - NeoQuant,1,0,2025-12-02 15:26:44
24,https://neoquant.com/,NeoQuant - Data Engineering & Digital Finance,1,0,2025-12-02 15:26:16
23,https://www.google.com/search?q=neo+quant&source=hp,neo quant - Google Search,1,1,2025-12-02 15:25:58
22,https://www.practical-devsecops.com/thank-you/,Thank you - Practical DevSecOps,1,0,2025-12-02 15:24:15
21,https://www.practical-devsecops.com/downloads/Common-API-Attack-Vectors.pdf,Common-API-Attack-Vectors.pdf,1,0,2025-12-02 15:24:02
20,https://www.practical-devsecops.com/api-security-fundamentals/,API Security Fundamentals ebook - Practical DevSecOps,1,0,2025-12-02 15:23:29
19,https://www.google.com/url?q=https://www.practical-devsecops.com/api-security-fundamentals/,,1,0,2025-12-02 15:23:28
18,https://www.google.com/search?q=Common+api+vectors.pdf+download&source=hp,Common api vectors.pdf download - Google Search,1,1,2025-12-02 15:23:11
3,https://portswigger.net/web-security/sql-injection,What is SQL Injection? Tutorial & Examples | Web Security Academy,2,0,2025-12-02 15:22:48
17,https://portswigger.net/web-security/sql-injection/cheat-sheet,SQL injection cheat sheet | Web Security Academy,1,0,2025-12-02 15:22:30
16,https://www.google.com/search?q=Check+API+vulnerabilities+using+chrome+DevTools+network+tab&source=hp,Check API vulnerabilities using chrome DevTools network tab - Google Search,1,1,2025-12-02 15:21:49
15,https://owasp.org/API-Security/editions/2023/en/0x11-t10/,OWASP API Security Top 10 2023,1,0,2025-12-02 15:21:25
14,https://www.google.com/search?q=Common+api+parameters+that+leak+database+info&source=hp,Common api parameters that leak database info - Google Search,1,1,2025-12-02 15:21:00
13,https://developer.mozilla.org/en-US/docs/Web/HTTP/Methods,HTTP request methods - MDN Web Docs,1,0,2025-12-02 15:20:40
12,https://www.google.com/search?q=Bypass+client-side+validation+by+modifying+URL&source=hp,Bypass client-side validation by modifying URL - Google Search,1,1,2025-12-02 15:20:16
11,https://www.google.com/search?q=How+to+force+debug+mode+using+URL+parameters&source=hp,How to force debug mode using URL parameters - Google Search,1,1,2025-12-02 15:19:41
6,https://owasp.org/www-project-web-security-testing-guide/,OWASP Web Security Testing Guide | OWASP Foundation,2,0,2025-12-02 15:19:22
10,https://www.google.com/search?q=Financial+api+sql+injection+examples&source=hp,Financial api sql injection examples - Google Search,1,1,2025-12-02 15:19:06
9,https://apisecurity.io/,API Security News,1,0,2025-12-02 15:18:55
8,http://apisecurity.io/,API Security News,1,0,2025-12-02 15:18:52
7,https://www.google.com/search?q=Find+exposed+database+endpoints+in+API&source=hp,Find exposed database endpoints in API - Google Search,1,1,2025-12-02 15:18:31
5,https://www.google.com/search?q=Test+sql+injection+using+browser+only&source=hp,Test sql injection using browser only - Google Search,1,1,2025-12-02 15:17:40
4,https://stackoverflow.com/questions/332365/how-does-the-sql-injection-from-bobby-tables-work,How does the SQL injection from the Bobby Tables XKCD comic work? - Stack Overflow,1,0,2025-12-02 15:17:12
2,https://www.google.com/search?q=NeoQuant+sql+error+page+exploit&source=hp,NeoQuant sql error page exploit - Google Search,1,1,2025-12-02 15:16:22
1,https://www.google.com/,Google,1,1,2025-12-02 15:15:40
