query,engine,last_visited,visit_count,url
NeoQuant sql error page exploit,Google,2025-12-02 15:16:22,1,https://www.google.com/search?q=NeoQuant+sql+error+page+exploit&source=hp
Test sql injection using browser only,Google,2025-12-02 15:17:40,1,https://www.google.com/search?q=Test+sql+injection+using+browser+only&source=hp
Find exposed database endpoints in API,Google,2025-12-02 15:18:31,1,https://www.google.com/search?q=Find+exposed+database+endpoints+in+API&source=hp
Financial api sql injection examples,Google,2025-12-02 15:19:06,1,https://www.google.com/search?q=Financial+api+sql+injection+examples&source=hp
How to force debug mode using URL parameters,Google,2025-12-02 15:19:41,1,https://www.google.com/search?q=How+to+force+debug+mode+using+URL+parameters&source=hp
Bypass client-side validation by modifying URL,Google,2025-12-02 15:20:16,1,https://www.google.com/search?q=Bypass+client-side+validation+by+modifying+URL&source=hp
Common api parameters that leak database info,Google,2025-12-02 15:21:00,1,https://www.google.com/search?q=Common+api+parameters+that+leak+database+info&source=hp
Check API vulnerabilities using chrome DevTools network tab,Google,2025-12-02 15:21:49,1,https://www.google.com/search?q=Check+API+vulnerabilities+using+chrome+DevTools+network+tab&source=hp
Common api vectors.pdf download,Google,2025-12-02 15:23:11,1,https://www.google.com/search?q=Common+api+vectors.pdf+download&source=hp
neo quant,Google,2025-12-02 15:25:58,1,https://www.google.com/search?q=neo+quant&source=hp
Neoquant finance - internal API docs,Google,2025-12-02 15:28:57,1,https://www.google.com/search?q=Neoquant+finance+-+internal+API+docs&source=hp
sql injection cheat sheet - owasp,Google,2025-12-02 15:29:31,1,https://www.google.com/search?q=sql+injection+cheat+sheet+-+owasp&source=hp
request inspector- test API requests,Google,2025-12-02 15:30:09,1,https://www.google.com/search?q=request+inspector-+test+API+requests&source=hp
URLScan - analyse web behaviour,Google,2025-12-02 15:30:39,1,https://www.google.com/search?q=URLScan+-+analyse+web+behaviour&source=hp
chrome devtools network inspector guide,Google,2025-12-02 15:31:14,1,https://www.google.com/search?q=chrome+devtools+network+inspector+guide&source=hp
lan scan internal vulnerabilities,YouTube,2025-12-02 15:33:05,1,https://www.youtube.com/results?search_query=lan+scan+internal+vulnerabilities
youtube,Google,2025-12-02 15:33:36,1,https://www.google.com/search?q=youtube&source=hp
threats vulnerabilities and exploits,YouTube,2025-12-02 15:34:20,1,https://www.youtube.com/results?search_query=threats+vulnerabilities+and+exploits
firewall penetration testing steps methods tools,Google,2025-12-02 15:36:20,1,https://www.google.com/search?q=firewall+penetration+testing+steps+methods+tools&source=hp
